{"cameraMode":{"drawMode":0,"name":"Shaded","section":"Shading Mode"},"sceneLighting":false,"audioPlay":false,"sceneViewState":{"showFog":true,"showMaterialUpdate":false,"showSkybox":false,"showFlares":true,"showImageEffects":true,"showParticleSystems":true},"in2DMode":false,"pivot":{"x":-11.06794261932373,"y":1.5155143737792969,"z":1.3707443475723267},"rotation":{"x":0.05272940546274185,"y":-0.15515294671058656,"z":0.008275973610579968,"w":0.9864752888679504},"size":9.94127082824707,"orthographic":false}