{"cameraMode":{"drawMode":0,"name":"Shaded","section":"Shading Mode"},"sceneLighting":false,"audioPlay":false,"sceneViewState":{"showFog":false,"showMaterialUpdate":false,"showSkybox":false,"showFlares":false,"showImageEffects":false,"showParticleSystems":true},"in2DMode":false,"pivot":{"x":-919.434326171875,"y":-200.298828125,"z":-562.342529296875},"rotation":{"x":-0.016445348039269449,"y":0.9717813730239868,"z":-0.22426803410053254,"w":-0.07126089185476303},"size":4393.48681640625,"orthographic":false}