{"cameraMode":{"drawMode":0,"name":"Shaded","section":"Shading Mode"},"sceneLighting":false,"audioPlay":false,"sceneViewState":{"showFog":false,"showMaterialUpdate":false,"showSkybox":false,"showFlares":false,"showImageEffects":false,"showParticleSystems":true},"in2DMode":false,"pivot":{"x":392.88018798828127,"y":315.27587890625,"z":-525.738037109375},"rotation":{"x":0.02565896324813366,"y":0.9031897783279419,"z":-0.4249937832355499,"w":0.054529111832380298},"size":3534.93017578125,"orthographic":false}