{"cameraMode":{"drawMode":0,"name":"Shaded","section":"Shading Mode"},"sceneLighting":true,"audioPlay":false,"sceneViewState":{"showFog":false,"showMaterialUpdate":false,"showSkybox":false,"showFlares":false,"showImageEffects":false,"showParticleSystems":true},"in2DMode":false,"pivot":{"x":-3.1249303817749025,"y":3.749356269836426,"z":-21.74249839782715},"rotation":{"x":-0.004950127098709345,"y":0.9937241673469544,"z":0.04892154783010483,"w":0.100509412586689},"size":13.524438858032227,"orthographic":false}